champion,imgSrc
Aatrox,https://wiki.leagueoflegends.com/en-us/images/thumb/Aatrox_OriginalSquare.png/46px-Aatrox_OriginalSquare.png
Ahri,https://wiki.leagueoflegends.com/en-us/images/thumb/Ahri_OriginalSquare.png/46px-Ahri_OriginalSquare.png
Akali,https://wiki.leagueoflegends.com/en-us/images/thumb/Akali_OriginalSquare.png/46px-Akali_OriginalSquare.png
Akshan,https://wiki.leagueoflegends.com/en-us/images/thumb/Akshan_OriginalSquare.png/46px-Akshan_OriginalSquare.png
Alistar,https://wiki.leagueoflegends.com/en-us/images/thumb/Alistar_OriginalSquare.png/46px-Alistar_OriginalSquare.png
Ambessa,https://wiki.leagueoflegends.com/en-us/images/thumb/Ambessa_OriginalSquare.png/46px-Ambessa_OriginalSquare.png
Amumu,https://wiki.leagueoflegends.com/en-us/images/thumb/Amumu_OriginalSquare.png/46px-Amumu_OriginalSquare.png
Anivia,https://wiki.leagueoflegends.com/en-us/images/thumb/Anivia_OriginalSquare.png/46px-Anivia_OriginalSquare.png
Annie,https://wiki.leagueoflegends.com/en-us/images/thumb/Annie_OriginalSquare.png/46px-Annie_OriginalSquare.png
Aphelios,https://wiki.leagueoflegends.com/en-us/images/thumb/Aphelios_OriginalSquare.png/46px-Aphelios_OriginalSquare.png
Ashe,https://wiki.leagueoflegends.com/en-us/images/thumb/Ashe_OriginalSquare.png/46px-Ashe_OriginalSquare.png
Aurora,https://wiki.leagueoflegends.com/en-us/images/thumb/Aurora_OriginalSquare.png/46px-Aurora_OriginalSquare.png
Azir,https://wiki.leagueoflegends.com/en-us/images/thumb/Azir_OriginalSquare.png/46px-Azir_OriginalSquare.png
Bard,https://wiki.leagueoflegends.com/en-us/images/thumb/Bard_OriginalSquare.png/46px-Bard_OriginalSquare.png
Blitzcrank,https://wiki.leagueoflegends.com/en-us/images/thumb/Blitzcrank_OriginalSquare.png/46px-Blitzcrank_OriginalSquare.png
Brand,https://wiki.leagueoflegends.com/en-us/images/thumb/Brand_OriginalSquare.png/46px-Brand_OriginalSquare.png
Braum,https://wiki.leagueoflegends.com/en-us/images/thumb/Braum_OriginalSquare.png/46px-Braum_OriginalSquare.png
Briar,https://wiki.leagueoflegends.com/en-us/images/thumb/Briar_OriginalSquare.png/46px-Briar_OriginalSquare.png
Caitlyn,https://wiki.leagueoflegends.com/en-us/images/thumb/Caitlyn_OriginalSquare.png/46px-Caitlyn_OriginalSquare.png
Camille,https://wiki.leagueoflegends.com/en-us/images/thumb/Camille_OriginalSquare.png/46px-Camille_OriginalSquare.png
Cassiopeia,https://wiki.leagueoflegends.com/en-us/images/thumb/Cassiopeia_OriginalSquare.png/46px-Cassiopeia_OriginalSquare.png
Corki,https://wiki.leagueoflegends.com/en-us/images/thumb/Corki_OriginalSquare.png/46px-Corki_OriginalSquare.png
Darius,https://wiki.leagueoflegends.com/en-us/images/thumb/Darius_OriginalSquare.png/46px-Darius_OriginalSquare.png
Diana,https://wiki.leagueoflegends.com/en-us/images/thumb/Diana_OriginalSquare.png/46px-Diana_OriginalSquare.png
Draven,https://wiki.leagueoflegends.com/en-us/images/thumb/Draven_OriginalSquare.png/46px-Draven_OriginalSquare.png
Ekko,https://wiki.leagueoflegends.com/en-us/images/thumb/Ekko_OriginalSquare.png/46px-Ekko_OriginalSquare.png
Elise,https://wiki.leagueoflegends.com/en-us/images/thumb/Elise_OriginalSquare.png/46px-Elise_OriginalSquare.png
Evelynn,https://wiki.leagueoflegends.com/en-us/images/thumb/Evelynn_OriginalSquare.png/46px-Evelynn_OriginalSquare.png
Ezreal,https://wiki.leagueoflegends.com/en-us/images/thumb/Ezreal_OriginalSquare.png/46px-Ezreal_OriginalSquare.png
Fiddlesticks,https://wiki.leagueoflegends.com/en-us/images/thumb/Fiddlesticks_OriginalSquare.png/46px-Fiddlesticks_OriginalSquare.png
Fiora,https://wiki.leagueoflegends.com/en-us/images/thumb/Fiora_OriginalSquare.png/46px-Fiora_OriginalSquare.png
Fizz,https://wiki.leagueoflegends.com/en-us/images/thumb/Fizz_OriginalSquare.png/46px-Fizz_OriginalSquare.png
Galio,https://wiki.leagueoflegends.com/en-us/images/thumb/Galio_OriginalSquare.png/46px-Galio_OriginalSquare.png
Gangplank,https://wiki.leagueoflegends.com/en-us/images/thumb/Gangplank_OriginalSquare.png/46px-Gangplank_OriginalSquare.png
Garen,https://wiki.leagueoflegends.com/en-us/images/thumb/Garen_OriginalSquare.png/46px-Garen_OriginalSquare.png
Gnar,https://wiki.leagueoflegends.com/en-us/images/thumb/Gnar_OriginalSquare.png/46px-Gnar_OriginalSquare.png
Gragas,https://wiki.leagueoflegends.com/en-us/images/thumb/Gragas_OriginalSquare.png/46px-Gragas_OriginalSquare.png
Graves,https://wiki.leagueoflegends.com/en-us/images/thumb/Graves_OriginalSquare.png/46px-Graves_OriginalSquare.png
Gwen,https://wiki.leagueoflegends.com/en-us/images/thumb/Gwen_OriginalSquare.png/46px-Gwen_OriginalSquare.png
Hecarim,https://wiki.leagueoflegends.com/en-us/images/thumb/Hecarim_OriginalSquare.png/46px-Hecarim_OriginalSquare.png
Heimerdinger,https://wiki.leagueoflegends.com/en-us/images/thumb/Heimerdinger_OriginalSquare.png/46px-Heimerdinger_OriginalSquare.png
Hwei,https://wiki.leagueoflegends.com/en-us/images/thumb/Hwei_OriginalSquare.png/46px-Hwei_OriginalSquare.png
Illaoi,https://wiki.leagueoflegends.com/en-us/images/thumb/Illaoi_OriginalSquare.png/46px-Illaoi_OriginalSquare.png
Irelia,https://wiki.leagueoflegends.com/en-us/images/thumb/Irelia_OriginalSquare.png/46px-Irelia_OriginalSquare.png
Ivern,https://wiki.leagueoflegends.com/en-us/images/thumb/Ivern_OriginalSquare.png/46px-Ivern_OriginalSquare.png
Janna,https://wiki.leagueoflegends.com/en-us/images/thumb/Janna_OriginalSquare.png/46px-Janna_OriginalSquare.png
Jax,https://wiki.leagueoflegends.com/en-us/images/thumb/Jax_OriginalSquare.png/46px-Jax_OriginalSquare.png
Jayce,https://wiki.leagueoflegends.com/en-us/images/thumb/Jayce_OriginalSquare.png/46px-Jayce_OriginalSquare.png
Jhin,https://wiki.leagueoflegends.com/en-us/images/thumb/Jhin_OriginalSquare.png/46px-Jhin_OriginalSquare.png
Jinx,https://wiki.leagueoflegends.com/en-us/images/thumb/Jinx_OriginalSquare.png/46px-Jinx_OriginalSquare.png
Kalista,https://wiki.leagueoflegends.com/en-us/images/thumb/Kalista_OriginalSquare.png/46px-Kalista_OriginalSquare.png
Karma,https://wiki.leagueoflegends.com/en-us/images/thumb/Karma_OriginalSquare.png/46px-Karma_OriginalSquare.png
Karthus,https://wiki.leagueoflegends.com/en-us/images/thumb/Karthus_OriginalSquare.png/46px-Karthus_OriginalSquare.png
Kassadin,https://wiki.leagueoflegends.com/en-us/images/thumb/Kassadin_OriginalSquare.png/46px-Kassadin_OriginalSquare.png
Katarina,https://wiki.leagueoflegends.com/en-us/images/thumb/Katarina_OriginalSquare.png/46px-Katarina_OriginalSquare.png
Kayle,https://wiki.leagueoflegends.com/en-us/images/thumb/Kayle_OriginalSquare.png/46px-Kayle_OriginalSquare.png
Kayn,https://wiki.leagueoflegends.com/en-us/images/thumb/Kayn_OriginalSquare.png/46px-Kayn_OriginalSquare.png
Kennen,https://wiki.leagueoflegends.com/en-us/images/thumb/Kennen_OriginalSquare.png/46px-Kennen_OriginalSquare.png
Kindred,https://wiki.leagueoflegends.com/en-us/images/thumb/Kindred_OriginalSquare.png/46px-Kindred_OriginalSquare.png
Kled,https://wiki.leagueoflegends.com/en-us/images/thumb/Kled_OriginalSquare.png/46px-Kled_OriginalSquare.png
LeBlanc,https://wiki.leagueoflegends.com/en-us/images/thumb/LeBlanc_OriginalSquare.png/46px-LeBlanc_OriginalSquare.png
lee_sin,https://wiki.leagueoflegends.com/en-us/images/thumb/Lee_Sin_OriginalSquare.png/46px-Lee_Sin_OriginalSquare.png
Leona,https://wiki.leagueoflegends.com/en-us/images/thumb/Leona_OriginalSquare.png/46px-Leona_OriginalSquare.png
Lillia,https://wiki.leagueoflegends.com/en-us/images/thumb/Lillia_OriginalSquare.png/46px-Lillia_OriginalSquare.png
Lissandra,https://wiki.leagueoflegends.com/en-us/images/thumb/Lissandra_OriginalSquare.png/46px-Lissandra_OriginalSquare.png
Lucian,https://wiki.leagueoflegends.com/en-us/images/thumb/Lucian_OriginalSquare.png/46px-Lucian_OriginalSquare.png
Lulu,https://wiki.leagueoflegends.com/en-us/images/thumb/Lulu_OriginalSquare.png/46px-Lulu_OriginalSquare.png
Lux,https://wiki.leagueoflegends.com/en-us/images/thumb/Lux_OriginalSquare.png/46px-Lux_OriginalSquare.png
Malphite,https://wiki.leagueoflegends.com/en-us/images/thumb/Malphite_OriginalSquare.png/46px-Malphite_OriginalSquare.png
Malzahar,https://wiki.leagueoflegends.com/en-us/images/thumb/Malzahar_OriginalSquare.png/46px-Malzahar_OriginalSquare.png
Maokai,https://wiki.leagueoflegends.com/en-us/images/thumb/Maokai_OriginalSquare.png/46px-Maokai_OriginalSquare.png
Mel,https://wiki.leagueoflegends.com/en-us/images/thumb/Mel_OriginalSquare.png/46px-Mel_OriginalSquare.png
Milio,https://wiki.leagueoflegends.com/en-us/images/thumb/Milio_OriginalSquare.png/46px-Milio_OriginalSquare.png
Mordekaiser,https://wiki.leagueoflegends.com/en-us/images/thumb/Mordekaiser_OriginalSquare.png/46px-Mordekaiser_OriginalSquare.png
Morgana,https://wiki.leagueoflegends.com/en-us/images/thumb/Morgana_OriginalSquare.png/46px-Morgana_OriginalSquare.png
Naafiri,https://wiki.leagueoflegends.com/en-us/images/thumb/Naafiri_OriginalSquare.png/46px-Naafiri_OriginalSquare.png
Nami,https://wiki.leagueoflegends.com/en-us/images/thumb/Nami_OriginalSquare.png/46px-Nami_OriginalSquare.png
Nasus,https://wiki.leagueoflegends.com/en-us/images/thumb/Nasus_OriginalSquare.png/46px-Nasus_OriginalSquare.png
Nautilus,https://wiki.leagueoflegends.com/en-us/images/thumb/Nautilus_OriginalSquare.png/46px-Nautilus_OriginalSquare.png
Neeko,https://wiki.leagueoflegends.com/en-us/images/thumb/Neeko_OriginalSquare.png/46px-Neeko_OriginalSquare.png
Nidalee,https://wiki.leagueoflegends.com/en-us/images/thumb/Nidalee_OriginalSquare.png/46px-Nidalee_OriginalSquare.png
Nilah,https://wiki.leagueoflegends.com/en-us/images/thumb/Nilah_OriginalSquare.png/46px-Nilah_OriginalSquare.png
Nocturne,https://wiki.leagueoflegends.com/en-us/images/thumb/Nocturne_OriginalSquare.png/46px-Nocturne_OriginalSquare.png
Olaf,https://wiki.leagueoflegends.com/en-us/images/thumb/Olaf_OriginalSquare.png/46px-Olaf_OriginalSquare.png
Orianna,https://wiki.leagueoflegends.com/en-us/images/thumb/Orianna_OriginalSquare.png/46px-Orianna_OriginalSquare.png
Ornn,https://wiki.leagueoflegends.com/en-us/images/thumb/Ornn_OriginalSquare.png/46px-Ornn_OriginalSquare.png
Pantheon,https://wiki.leagueoflegends.com/en-us/images/thumb/Pantheon_OriginalSquare.png/46px-Pantheon_OriginalSquare.png
Poppy,https://wiki.leagueoflegends.com/en-us/images/thumb/Poppy_OriginalSquare.png/46px-Poppy_OriginalSquare.png
Pyke,https://wiki.leagueoflegends.com/en-us/images/thumb/Pyke_OriginalSquare.png/46px-Pyke_OriginalSquare.png
Qiyana,https://wiki.leagueoflegends.com/en-us/images/thumb/Qiyana_OriginalSquare.png/46px-Qiyana_OriginalSquare.png
Quinn,https://wiki.leagueoflegends.com/en-us/images/thumb/Quinn_OriginalSquare.png/46px-Quinn_OriginalSquare.png
Rakan,https://wiki.leagueoflegends.com/en-us/images/thumb/Rakan_OriginalSquare.png/46px-Rakan_OriginalSquare.png
Rammus,https://wiki.leagueoflegends.com/en-us/images/thumb/Rammus_OriginalSquare.png/46px-Rammus_OriginalSquare.png
Rell,https://wiki.leagueoflegends.com/en-us/images/thumb/Rell_OriginalSquare.png/46px-Rell_OriginalSquare.png
Renekton,https://wiki.leagueoflegends.com/en-us/images/thumb/Renekton_OriginalSquare.png/46px-Renekton_OriginalSquare.png
Rengar,https://wiki.leagueoflegends.com/en-us/images/thumb/Rengar_OriginalSquare.png/46px-Rengar_OriginalSquare.png
Riven,https://wiki.leagueoflegends.com/en-us/images/thumb/Riven_OriginalSquare.png/46px-Riven_OriginalSquare.png
Rumble,https://wiki.leagueoflegends.com/en-us/images/thumb/Rumble_OriginalSquare.png/46px-Rumble_OriginalSquare.png
Ryze,https://wiki.leagueoflegends.com/en-us/images/thumb/Ryze_OriginalSquare.png/46px-Ryze_OriginalSquare.png
Samira,https://wiki.leagueoflegends.com/en-us/images/thumb/Samira_OriginalSquare.png/46px-Samira_OriginalSquare.png
Sejuani,https://wiki.leagueoflegends.com/en-us/images/thumb/Sejuani_OriginalSquare.png/46px-Sejuani_OriginalSquare.png
Senna,https://wiki.leagueoflegends.com/en-us/images/thumb/Senna_OriginalSquare.png/46px-Senna_OriginalSquare.png
Seraphine,https://wiki.leagueoflegends.com/en-us/images/thumb/Seraphine_OriginalSquare.png/46px-Seraphine_OriginalSquare.png
Sett,https://wiki.leagueoflegends.com/en-us/images/thumb/Sett_OriginalSquare.png/46px-Sett_OriginalSquare.png
Shaco,https://wiki.leagueoflegends.com/en-us/images/thumb/Shaco_OriginalSquare.png/46px-Shaco_OriginalSquare.png
Shen,https://wiki.leagueoflegends.com/en-us/images/thumb/Shen_OriginalSquare.png/46px-Shen_OriginalSquare.png
Shyvana,https://wiki.leagueoflegends.com/en-us/images/thumb/Shyvana_OriginalSquare.png/46px-Shyvana_OriginalSquare.png
Singed,https://wiki.leagueoflegends.com/en-us/images/thumb/Singed_OriginalSquare.png/46px-Singed_OriginalSquare.png
Sion,https://wiki.leagueoflegends.com/en-us/images/thumb/Sion_OriginalSquare.png/46px-Sion_OriginalSquare.png
Sivir,https://wiki.leagueoflegends.com/en-us/images/thumb/Sivir_OriginalSquare.png/46px-Sivir_OriginalSquare.png
Skarner,https://wiki.leagueoflegends.com/en-us/images/thumb/Skarner_OriginalSquare.png/46px-Skarner_OriginalSquare.png
Smolder,https://wiki.leagueoflegends.com/en-us/images/thumb/Smolder_OriginalSquare.png/46px-Smolder_OriginalSquare.png
Sona,https://wiki.leagueoflegends.com/en-us/images/thumb/Sona_OriginalSquare.png/46px-Sona_OriginalSquare.png
Soraka,https://wiki.leagueoflegends.com/en-us/images/thumb/Soraka_OriginalSquare.png/46px-Soraka_OriginalSquare.png
Swain,https://wiki.leagueoflegends.com/en-us/images/thumb/Swain_OriginalSquare.png/46px-Swain_OriginalSquare.png
Sylas,https://wiki.leagueoflegends.com/en-us/images/thumb/Sylas_OriginalSquare.png/46px-Sylas_OriginalSquare.png
Syndra,https://wiki.leagueoflegends.com/en-us/images/thumb/Syndra_OriginalSquare.png/46px-Syndra_OriginalSquare.png
Taliyah,https://wiki.leagueoflegends.com/en-us/images/thumb/Taliyah_OriginalSquare.png/46px-Taliyah_OriginalSquare.png
Talon,https://wiki.leagueoflegends.com/en-us/images/thumb/Talon_OriginalSquare.png/46px-Talon_OriginalSquare.png
Taric,https://wiki.leagueoflegends.com/en-us/images/thumb/Taric_OriginalSquare.png/46px-Taric_OriginalSquare.png
Teemo,https://wiki.leagueoflegends.com/en-us/images/thumb/Teemo_OriginalSquare.png/46px-Teemo_OriginalSquare.png
Thresh,https://wiki.leagueoflegends.com/en-us/images/thumb/Thresh_OriginalSquare.png/46px-Thresh_OriginalSquare.png
Tristana,https://wiki.leagueoflegends.com/en-us/images/thumb/Tristana_OriginalSquare.png/46px-Tristana_OriginalSquare.png
Trundle,https://wiki.leagueoflegends.com/en-us/images/thumb/Trundle_OriginalSquare.png/46px-Trundle_OriginalSquare.png
Tryndamere,https://wiki.leagueoflegends.com/en-us/images/thumb/Tryndamere_OriginalSquare.png/46px-Tryndamere_OriginalSquare.png
Twitch,https://wiki.leagueoflegends.com/en-us/images/thumb/Twitch_OriginalSquare.png/46px-Twitch_OriginalSquare.png
Udyr,https://wiki.leagueoflegends.com/en-us/images/thumb/Udyr_OriginalSquare.png/46px-Udyr_OriginalSquare.png
Urgot,https://wiki.leagueoflegends.com/en-us/images/thumb/Urgot_OriginalSquare.png/46px-Urgot_OriginalSquare.png
Varus,https://wiki.leagueoflegends.com/en-us/images/thumb/Varus_OriginalSquare.png/46px-Varus_OriginalSquare.png
Vayne,https://wiki.leagueoflegends.com/en-us/images/thumb/Vayne_OriginalSquare.png/46px-Vayne_OriginalSquare.png
Veigar,https://wiki.leagueoflegends.com/en-us/images/thumb/Veigar_OriginalSquare.png/46px-Veigar_OriginalSquare.png
Vex,https://wiki.leagueoflegends.com/en-us/images/thumb/Vex_OriginalSquare.png/46px-Vex_OriginalSquare.png
Vi,https://wiki.leagueoflegends.com/en-us/images/thumb/Vi_OriginalSquare.png/46px-Vi_OriginalSquare.png
Viego,https://wiki.leagueoflegends.com/en-us/images/thumb/Viego_OriginalSquare.png/46px-Viego_OriginalSquare.png
Viktor,https://wiki.leagueoflegends.com/en-us/images/thumb/Viktor_OriginalSquare.png/46px-Viktor_OriginalSquare.png
Vladimir,https://wiki.leagueoflegends.com/en-us/images/thumb/Vladimir_OriginalSquare.png/46px-Vladimir_OriginalSquare.png
Volibear,https://wiki.leagueoflegends.com/en-us/images/thumb/Volibear_OriginalSquare.png/46px-Volibear_OriginalSquare.png
Warwick,https://wiki.leagueoflegends.com/en-us/images/thumb/Warwick_OriginalSquare.png/46px-Warwick_OriginalSquare.png
Wukong,https://wiki.leagueoflegends.com/en-us/images/thumb/Wukong_OriginalSquare.png/46px-Wukong_OriginalSquare.png
Xayah,https://wiki.leagueoflegends.com/en-us/images/thumb/Xayah_OriginalSquare.png/46px-Xayah_OriginalSquare.png
Xerath,https://wiki.leagueoflegends.com/en-us/images/thumb/Xerath_OriginalSquare.png/46px-Xerath_OriginalSquare.png
Yasuo,https://wiki.leagueoflegends.com/en-us/images/thumb/Yasuo_OriginalSquare.png/46px-Yasuo_OriginalSquare.png
Yone,https://wiki.leagueoflegends.com/en-us/images/thumb/Yone_OriginalSquare.png/46px-Yone_OriginalSquare.png
Yorick,https://wiki.leagueoflegends.com/en-us/images/thumb/Yorick_OriginalSquare.png/46px-Yorick_OriginalSquare.png
Yunara,https://wiki.leagueoflegends.com/en-us/images/thumb/Yunara_OriginalSquare.png/46px-Yunara_OriginalSquare.png
Yuumi,https://wiki.leagueoflegends.com/en-us/images/thumb/Yuumi_OriginalSquare.png/46px-Yuumi_OriginalSquare.png
Zac,https://wiki.leagueoflegends.com/en-us/images/thumb/Zac_OriginalSquare.png/46px-Zac_OriginalSquare.png
Zed,https://wiki.leagueoflegends.com/en-us/images/thumb/Zed_OriginalSquare.png/46px-Zed_OriginalSquare.png
Zeri,https://wiki.leagueoflegends.com/en-us/images/thumb/Zeri_OriginalSquare.png/46px-Zeri_OriginalSquare.png
Ziggs,https://wiki.leagueoflegends.com/en-us/images/thumb/Ziggs_OriginalSquare.png/46px-Ziggs_OriginalSquare.png
Zilean,https://wiki.leagueoflegends.com/en-us/images/thumb/Zilean_OriginalSquare.png/46px-Zilean_OriginalSquare.png
Zoe,https://wiki.leagueoflegends.com/en-us/images/thumb/Zoe_OriginalSquare.png/46px-Zoe_OriginalSquare.png
Zyra,https://wiki.leagueoflegends.com/en-us/images/thumb/Zyra_OriginalSquare.png/46px-Zyra_OriginalSquare.png
